Ecuaciones.java,ClassMath.Ecuaciones,org.pitest.mutationtest.engine.gregor.mutators.InvertNegsMutator,ecu0,80,SURVIVED,none
Ecuaciones.java,ClassMath.Ecuaciones,org.pitest.mutationtest.engine.gregor.mutators.MathMutator,ecu0,74,SURVIVED,none
Ecuaciones.java,ClassMath.Ecuaciones,org.pitest.mutationtest.engine.gregor.mutators.MathMutator,ecu0,74,SURVIVED,none
Ecuaciones.java,ClassMath.Ecuaciones,org.pitest.mutationtest.engine.gregor.mutators.MathMutator,ecu0,77,SURVIVED,none
Ecuaciones.java,ClassMath.Ecuaciones,org.pitest.mutationtest.engine.gregor.mutators.MathMutator,ecu0,77,SURVIVED,none
Ecuaciones.java,ClassMath.Ecuaciones,org.pitest.mutationtest.engine.gregor.mutators.MathMutator,ecu0,80,SURVIVED,none
Ecuaciones.java,ClassMath.Ecuaciones,org.pitest.mutationtest.engine.gregor.mutators.MathMutator,ecu0,80,SURVIVED,none
Ecuaciones.java,ClassMath.Ecuaciones,org.pitest.mutationtest.engine.gregor.mutators.MathMutator,ecu0,80,SURVIVED,none
Ecuaciones.java,ClassMath.Ecuaciones,org.pitest.mutationtest.engine.gregor.mutators.ReturnValsMutator,ecu0,80,SURVIVED,none
Ecuaciones.java,ClassMath.Ecuaciones,org.pitest.mutationtest.engine.gregor.mutators.InvertNegsMutator,ecu1,67,SURVIVED,none
Ecuaciones.java,ClassMath.Ecuaciones,org.pitest.mutationtest.engine.gregor.mutators.MathMutator,ecu1,65,SURVIVED,none
Ecuaciones.java,ClassMath.Ecuaciones,org.pitest.mutationtest.engine.gregor.mutators.MathMutator,ecu1,65,SURVIVED,none
Ecuaciones.java,ClassMath.Ecuaciones,org.pitest.mutationtest.engine.gregor.mutators.MathMutator,ecu1,65,SURVIVED,none
Ecuaciones.java,ClassMath.Ecuaciones,org.pitest.mutationtest.engine.gregor.mutators.MathMutator,ecu1,66,SURVIVED,none
Ecuaciones.java,ClassMath.Ecuaciones,org.pitest.mutationtest.engine.gregor.mutators.MathMutator,ecu1,66,SURVIVED,none
Ecuaciones.java,ClassMath.Ecuaciones,org.pitest.mutationtest.engine.gregor.mutators.MathMutator,ecu1,67,SURVIVED,none
Ecuaciones.java,ClassMath.Ecuaciones,org.pitest.mutationtest.engine.gregor.mutators.MathMutator,ecu1,67,SURVIVED,none
Ecuaciones.java,ClassMath.Ecuaciones,org.pitest.mutationtest.engine.gregor.mutators.MathMutator,ecu1,67,SURVIVED,none
Ecuaciones.java,ClassMath.Ecuaciones,org.pitest.mutationtest.engine.gregor.mutators.MathMutator,ecu1,67,SURVIVED,none
Ecuaciones.java,ClassMath.Ecuaciones,org.pitest.mutationtest.engine.gregor.mutators.ReturnValsMutator,ecu1,67,SURVIVED,none
Ecuaciones.java,ClassMath.Ecuaciones,org.pitest.mutationtest.engine.gregor.mutators.MathMutator,ecu2,58,SURVIVED,none
Ecuaciones.java,ClassMath.Ecuaciones,org.pitest.mutationtest.engine.gregor.mutators.MathMutator,ecu2,58,SURVIVED,none
Ecuaciones.java,ClassMath.Ecuaciones,org.pitest.mutationtest.engine.gregor.mutators.MathMutator,ecu2,58,SURVIVED,none
Ecuaciones.java,ClassMath.Ecuaciones,org.pitest.mutationtest.engine.gregor.mutators.MathMutator,ecu2,58,SURVIVED,none
Ecuaciones.java,ClassMath.Ecuaciones,org.pitest.mutationtest.engine.gregor.mutators.MathMutator,ecu2,58,SURVIVED,none
Ecuaciones.java,ClassMath.Ecuaciones,org.pitest.mutationtest.engine.gregor.mutators.MathMutator,ecu2,58,SURVIVED,none
Ecuaciones.java,ClassMath.Ecuaciones,org.pitest.mutationtest.engine.gregor.mutators.MathMutator,ecu2,58,SURVIVED,none
Ecuaciones.java,ClassMath.Ecuaciones,org.pitest.mutationtest.engine.gregor.mutators.MathMutator,ecu2,58,SURVIVED,none
Ecuaciones.java,ClassMath.Ecuaciones,org.pitest.mutationtest.engine.gregor.mutators.ReturnValsMutator,ecu2,58,SURVIVED,none
Ecuaciones.java,ClassMath.Ecuaciones,org.pitest.mutationtest.engine.gregor.mutators.ConditionalsBoundaryMutator,ecu3,41,SURVIVED,none
Ecuaciones.java,ClassMath.Ecuaciones,org.pitest.mutationtest.engine.gregor.mutators.ConditionalsBoundaryMutator,ecu3,46,SURVIVED,none
Ecuaciones.java,ClassMath.Ecuaciones,org.pitest.mutationtest.engine.gregor.mutators.IncrementsMutator,ecu3,41,TIMED_OUT,none
Ecuaciones.java,ClassMath.Ecuaciones,org.pitest.mutationtest.engine.gregor.mutators.IncrementsMutator,ecu3,46,TIMED_OUT,none
Ecuaciones.java,ClassMath.Ecuaciones,org.pitest.mutationtest.engine.gregor.mutators.MathMutator,ecu3,42,SURVIVED,none
Ecuaciones.java,ClassMath.Ecuaciones,org.pitest.mutationtest.engine.gregor.mutators.MathMutator,ecu3,42,SURVIVED,none
Ecuaciones.java,ClassMath.Ecuaciones,org.pitest.mutationtest.engine.gregor.mutators.MathMutator,ecu3,42,SURVIVED,none
Ecuaciones.java,ClassMath.Ecuaciones,org.pitest.mutationtest.engine.gregor.mutators.MathMutator,ecu3,42,SURVIVED,none
Ecuaciones.java,ClassMath.Ecuaciones,org.pitest.mutationtest.engine.gregor.mutators.MathMutator,ecu3,42,SURVIVED,none
Ecuaciones.java,ClassMath.Ecuaciones,org.pitest.mutationtest.engine.gregor.mutators.MathMutator,ecu3,47,SURVIVED,none
Ecuaciones.java,ClassMath.Ecuaciones,org.pitest.mutationtest.engine.gregor.mutators.MathMutator,ecu3,47,SURVIVED,none
Ecuaciones.java,ClassMath.Ecuaciones,org.pitest.mutationtest.engine.gregor.mutators.MathMutator,ecu3,47,SURVIVED,none
Ecuaciones.java,ClassMath.Ecuaciones,org.pitest.mutationtest.engine.gregor.mutators.MathMutator,ecu3,47,SURVIVED,none
Ecuaciones.java,ClassMath.Ecuaciones,org.pitest.mutationtest.engine.gregor.mutators.MathMutator,ecu3,47,SURVIVED,none
Ecuaciones.java,ClassMath.Ecuaciones,org.pitest.mutationtest.engine.gregor.mutators.MathMutator,ecu3,50,SURVIVED,none
Ecuaciones.java,ClassMath.Ecuaciones,org.pitest.mutationtest.engine.gregor.mutators.NegateConditionalsMutator,ecu3,41,SURVIVED,none
Ecuaciones.java,ClassMath.Ecuaciones,org.pitest.mutationtest.engine.gregor.mutators.NegateConditionalsMutator,ecu3,46,SURVIVED,none
Ecuaciones.java,ClassMath.Ecuaciones,org.pitest.mutationtest.engine.gregor.mutators.ReturnValsMutator,ecu3,50,SURVIVED,none
Ecuaciones.java,ClassMath.Ecuaciones,org.pitest.mutationtest.engine.gregor.mutators.ConditionalsBoundaryMutator,ecu4,22,SURVIVED,none
Ecuaciones.java,ClassMath.Ecuaciones,org.pitest.mutationtest.engine.gregor.mutators.IncrementsMutator,ecu4,22,KILLED,TestMath.TestEcus.test(TestMath.TestEcus)
Ecuaciones.java,ClassMath.Ecuaciones,org.pitest.mutationtest.engine.gregor.mutators.InvertNegsMutator,ecu4,31,SURVIVED,none
Ecuaciones.java,ClassMath.Ecuaciones,org.pitest.mutationtest.engine.gregor.mutators.MathMutator,ecu4,23,KILLED,TestMath.TestEcus.test(TestMath.TestEcus)
Ecuaciones.java,ClassMath.Ecuaciones,org.pitest.mutationtest.engine.gregor.mutators.MathMutator,ecu4,25,SURVIVED,none
Ecuaciones.java,ClassMath.Ecuaciones,org.pitest.mutationtest.engine.gregor.mutators.MathMutator,ecu4,25,SURVIVED,none
Ecuaciones.java,ClassMath.Ecuaciones,org.pitest.mutationtest.engine.gregor.mutators.MathMutator,ecu4,25,SURVIVED,none
Ecuaciones.java,ClassMath.Ecuaciones,org.pitest.mutationtest.engine.gregor.mutators.MathMutator,ecu4,28,SURVIVED,none
Ecuaciones.java,ClassMath.Ecuaciones,org.pitest.mutationtest.engine.gregor.mutators.MathMutator,ecu4,28,SURVIVED,none
Ecuaciones.java,ClassMath.Ecuaciones,org.pitest.mutationtest.engine.gregor.mutators.NegateConditionalsMutator,ecu4,22,SURVIVED,none
Ecuaciones.java,ClassMath.Ecuaciones,org.pitest.mutationtest.engine.gregor.mutators.ReturnValsMutator,ecu4,31,SURVIVED,none
Ecuaciones.java,ClassMath.Ecuaciones,org.pitest.mutationtest.engine.gregor.mutators.ConditionalsBoundaryMutator,ecu5,87,KILLED,TestMath.TestEcus.test(TestMath.TestEcus)
Ecuaciones.java,ClassMath.Ecuaciones,org.pitest.mutationtest.engine.gregor.mutators.IncrementsMutator,ecu5,87,KILLED,TestMath.TestEcus.test(TestMath.TestEcus)
Ecuaciones.java,ClassMath.Ecuaciones,org.pitest.mutationtest.engine.gregor.mutators.MathMutator,ecu5,88,SURVIVED,none
Ecuaciones.java,ClassMath.Ecuaciones,org.pitest.mutationtest.engine.gregor.mutators.NegateConditionalsMutator,ecu5,87,SURVIVED,none
Ecuaciones.java,ClassMath.Ecuaciones,org.pitest.mutationtest.engine.gregor.mutators.ReturnValsMutator,ecu5,90,SURVIVED,none
Ecuaciones.java,ClassMath.Ecuaciones,org.pitest.mutationtest.engine.gregor.mutators.ConditionalsBoundaryMutator,ecu6,96,KILLED,TestMath.TestEcus.test(TestMath.TestEcus)
Ecuaciones.java,ClassMath.Ecuaciones,org.pitest.mutationtest.engine.gregor.mutators.IncrementsMutator,ecu6,96,KILLED,TestMath.TestEcus.test(TestMath.TestEcus)
Ecuaciones.java,ClassMath.Ecuaciones,org.pitest.mutationtest.engine.gregor.mutators.MathMutator,ecu6,97,SURVIVED,none
Ecuaciones.java,ClassMath.Ecuaciones,org.pitest.mutationtest.engine.gregor.mutators.NegateConditionalsMutator,ecu6,96,SURVIVED,none
Ecuaciones.java,ClassMath.Ecuaciones,org.pitest.mutationtest.engine.gregor.mutators.ReturnValsMutator,ecu6,99,SURVIVED,none
Ecuaciones.java,ClassMath.Ecuaciones,org.pitest.mutationtest.engine.gregor.mutators.MathMutator,truncate,10,SURVIVED,none
Ecuaciones.java,ClassMath.Ecuaciones,org.pitest.mutationtest.engine.gregor.mutators.MathMutator,truncate,11,SURVIVED,none
Ecuaciones.java,ClassMath.Ecuaciones,org.pitest.mutationtest.engine.gregor.mutators.MathMutator,truncate,12,SURVIVED,none
Ecuaciones.java,ClassMath.Ecuaciones,org.pitest.mutationtest.engine.gregor.mutators.ReturnValsMutator,truncate,14,SURVIVED,none
Vista.java,ClassMath.Vista,org.pitest.mutationtest.engine.gregor.mutators.NegateConditionalsMutator,<init>,24,KILLED,TestMath_exhaustivo_determinista.test_vista_exhauxtivo2.test(TestMath_exhaustivo_determinista.test_vista_exhauxtivo2)
Vista.java,ClassMath.Vista,org.pitest.mutationtest.engine.gregor.mutators.ConditionalsBoundaryMutator,add,67,SURVIVED,none
Vista.java,ClassMath.Vista,org.pitest.mutationtest.engine.gregor.mutators.ConditionalsBoundaryMutator,add,67,SURVIVED,none
Vista.java,ClassMath.Vista,org.pitest.mutationtest.engine.gregor.mutators.ConditionalsBoundaryMutator,add,74,KILLED,TestMath_exhaustivo_determinista.test_vista_exhauxtivo2.test(TestMath_exhaustivo_determinista.test_vista_exhauxtivo2)
Vista.java,ClassMath.Vista,org.pitest.mutationtest.engine.gregor.mutators.IncrementsMutator,add,74,KILLED,TestMath_exhaustivo_determinista.test_vista_exhauxtivo2.test(TestMath_exhaustivo_determinista.test_vista_exhauxtivo2)
Vista.java,ClassMath.Vista,org.pitest.mutationtest.engine.gregor.mutators.MathMutator,add,72,KILLED,TestMath_exhaustivo_determinista.test_vista_exhauxtivo2.test(TestMath_exhaustivo_determinista.test_vista_exhauxtivo2)
Vista.java,ClassMath.Vista,org.pitest.mutationtest.engine.gregor.mutators.MathMutator,add,73,KILLED,TestMath_exhaustivo_determinista.test_vista_exhauxtivo2.test(TestMath_exhaustivo_determinista.test_vista_exhauxtivo2)
Vista.java,ClassMath.Vista,org.pitest.mutationtest.engine.gregor.mutators.MathMutator,add,89,SURVIVED,none
Vista.java,ClassMath.Vista,org.pitest.mutationtest.engine.gregor.mutators.NegateConditionalsMutator,add,67,SURVIVED,none
Vista.java,ClassMath.Vista,org.pitest.mutationtest.engine.gregor.mutators.NegateConditionalsMutator,add,67,SURVIVED,none
Vista.java,ClassMath.Vista,org.pitest.mutationtest.engine.gregor.mutators.NegateConditionalsMutator,add,67,SURVIVED,none
Vista.java,ClassMath.Vista,org.pitest.mutationtest.engine.gregor.mutators.NegateConditionalsMutator,add,71,KILLED,TestMath_exhaustivo_determinista.test_vista_exhauxtivo2.test(TestMath_exhaustivo_determinista.test_vista_exhauxtivo2)
Vista.java,ClassMath.Vista,org.pitest.mutationtest.engine.gregor.mutators.NegateConditionalsMutator,add,74,SURVIVED,none
Vista.java,ClassMath.Vista,org.pitest.mutationtest.engine.gregor.mutators.ReturnValsMutator,add,69,SURVIVED,none
Vista.java,ClassMath.Vista,org.pitest.mutationtest.engine.gregor.mutators.ReturnValsMutator,add,91,SURVIVED,none
Vista.java,ClassMath.Vista,org.pitest.mutationtest.engine.gregor.mutators.VoidMethodCallMutator,add,68,SURVIVED,none
Vista.java,ClassMath.Vista,org.pitest.mutationtest.engine.gregor.mutators.ConditionalsBoundaryMutator,check,123,KILLED,TestMath.TestVista.test(TestMath.TestVista)
Vista.java,ClassMath.Vista,org.pitest.mutationtest.engine.gregor.mutators.ConditionalsBoundaryMutator,check,130,SURVIVED,none
Vista.java,ClassMath.Vista,org.pitest.mutationtest.engine.gregor.mutators.ConditionalsBoundaryMutator,check,131,SURVIVED,none
Vista.java,ClassMath.Vista,org.pitest.mutationtest.engine.gregor.mutators.ConditionalsBoundaryMutator,check,131,SURVIVED,none
Vista.java,ClassMath.Vista,org.pitest.mutationtest.engine.gregor.mutators.IncrementsMutator,check,123,KILLED,TestMath.TestVista.test(TestMath.TestVista)
Vista.java,ClassMath.Vista,org.pitest.mutationtest.engine.gregor.mutators.IncrementsMutator,check,130,SURVIVED,none
Vista.java,ClassMath.Vista,org.pitest.mutationtest.engine.gregor.mutators.NegateConditionalsMutator,check,123,SURVIVED,none
Vista.java,ClassMath.Vista,org.pitest.mutationtest.engine.gregor.mutators.NegateConditionalsMutator,check,124,SURVIVED,none
Vista.java,ClassMath.Vista,org.pitest.mutationtest.engine.gregor.mutators.NegateConditionalsMutator,check,125,SURVIVED,none
Vista.java,ClassMath.Vista,org.pitest.mutationtest.engine.gregor.mutators.NegateConditionalsMutator,check,125,SURVIVED,none
Vista.java,ClassMath.Vista,org.pitest.mutationtest.engine.gregor.mutators.NegateConditionalsMutator,check,130,SURVIVED,none
Vista.java,ClassMath.Vista,org.pitest.mutationtest.engine.gregor.mutators.NegateConditionalsMutator,check,131,SURVIVED,none
Vista.java,ClassMath.Vista,org.pitest.mutationtest.engine.gregor.mutators.NegateConditionalsMutator,check,131,SURVIVED,none
Vista.java,ClassMath.Vista,org.pitest.mutationtest.engine.gregor.mutators.NegateConditionalsMutator,check,131,SURVIVED,none
Vista.java,ClassMath.Vista,org.pitest.mutationtest.engine.gregor.mutators.ReturnValsMutator,check,134,SURVIVED,none
Vista.java,ClassMath.Vista,org.pitest.mutationtest.engine.gregor.mutators.ConditionalsBoundaryMutator,clearResult,51,KILLED,TestMath.TestVista.test(TestMath.TestVista)
Vista.java,ClassMath.Vista,org.pitest.mutationtest.engine.gregor.mutators.IncrementsMutator,clearResult,51,KILLED,TestMath.TestVista.test(TestMath.TestVista)
Vista.java,ClassMath.Vista,org.pitest.mutationtest.engine.gregor.mutators.NegateConditionalsMutator,clearResult,50,SURVIVED,none
Vista.java,ClassMath.Vista,org.pitest.mutationtest.engine.gregor.mutators.NegateConditionalsMutator,clearResult,51,SURVIVED,none
Vista.java,ClassMath.Vista,org.pitest.mutationtest.engine.gregor.mutators.ReturnValsMutator,clearResult,54,SURVIVED,none
Vista.java,ClassMath.Vista,org.pitest.mutationtest.engine.gregor.mutators.ReturnValsMutator,clearResult,57,NO_COVERAGE,none
Vista.java,ClassMath.Vista,org.pitest.mutationtest.engine.gregor.mutators.ConditionalsBoundaryMutator,getArgEcus,40,SURVIVED,none
Vista.java,ClassMath.Vista,org.pitest.mutationtest.engine.gregor.mutators.ConditionalsBoundaryMutator,getArgEcus,40,KILLED,TestMath_exhaustivo_determinista.test_Control_exhaustivo2.test(TestMath_exhaustivo_determinista.test_Control_exhaustivo2)
Vista.java,ClassMath.Vista,org.pitest.mutationtest.engine.gregor.mutators.NegateConditionalsMutator,getArgEcus,40,KILLED,TestMath.TestVista.test(TestMath.TestVista)
Vista.java,ClassMath.Vista,org.pitest.mutationtest.engine.gregor.mutators.NegateConditionalsMutator,getArgEcus,40,KILLED,TestMath_exhaustivo_determinista.test_Control_exhaustivo2.test(TestMath_exhaustivo_determinista.test_Control_exhaustivo2)
Vista.java,ClassMath.Vista,org.pitest.mutationtest.engine.gregor.mutators.ReturnValsMutator,getArgEcus,41,SURVIVED,none
Vista.java,ClassMath.Vista,org.pitest.mutationtest.engine.gregor.mutators.ReturnValsMutator,getArgEcus,43,SURVIVED,none
Vista.java,ClassMath.Vista,org.pitest.mutationtest.engine.gregor.mutators.ReturnValsMutator,getNumOps,37,SURVIVED,none
Vista.java,ClassMath.Vista,org.pitest.mutationtest.engine.gregor.mutators.ConditionalsBoundaryMutator,getResult,102,KILLED,TestMath_exhaustivo_determinista.test_vista_exhauxtivo2.test(TestMath_exhaustivo_determinista.test_vista_exhauxtivo2)
Vista.java,ClassMath.Vista,org.pitest.mutationtest.engine.gregor.mutators.ConditionalsBoundaryMutator,getResult,104,SURVIVED,none
Vista.java,ClassMath.Vista,org.pitest.mutationtest.engine.gregor.mutators.NegateConditionalsMutator,getResult,100,SURVIVED,none
Vista.java,ClassMath.Vista,org.pitest.mutationtest.engine.gregor.mutators.NegateConditionalsMutator,getResult,102,KILLED,TestMath_exhaustivo_determinista.test_vista_exhauxtivo2.test(TestMath_exhaustivo_determinista.test_vista_exhauxtivo2)
Vista.java,ClassMath.Vista,org.pitest.mutationtest.engine.gregor.mutators.NegateConditionalsMutator,getResult,104,KILLED,TestMath_exhaustivo_determinista.test_vista_exhauxtivo2.test(TestMath_exhaustivo_determinista.test_vista_exhauxtivo2)
Vista.java,ClassMath.Vista,org.pitest.mutationtest.engine.gregor.mutators.ReturnValsMutator,getResult,101,NO_COVERAGE,none
Vista.java,ClassMath.Vista,org.pitest.mutationtest.engine.gregor.mutators.ReturnValsMutator,getResult,103,SURVIVED,none
Vista.java,ClassMath.Vista,org.pitest.mutationtest.engine.gregor.mutators.ReturnValsMutator,getResult,105,SURVIVED,none
Vista.java,ClassMath.Vista,org.pitest.mutationtest.engine.gregor.mutators.ReturnValsMutator,getResult,107,SURVIVED,none
Vista.java,ClassMath.Vista,org.pitest.mutationtest.engine.gregor.mutators.ConditionalsBoundaryMutator,mostrarResult,113,KILLED,TestMath.TestVista.test(TestMath.TestVista)
Vista.java,ClassMath.Vista,org.pitest.mutationtest.engine.gregor.mutators.IncrementsMutator,mostrarResult,113,KILLED,TestMath.TestVista.test(TestMath.TestVista)
Vista.java,ClassMath.Vista,org.pitest.mutationtest.engine.gregor.mutators.NegateConditionalsMutator,mostrarResult,113,SURVIVED,none
Vista.java,ClassMath.Vista,org.pitest.mutationtest.engine.gregor.mutators.ReturnValsMutator,mostrarResult,116,SURVIVED,none
Util.java,ClassMath.Util,org.pitest.mutationtest.engine.gregor.mutators.ConditionalsBoundaryMutator,generaEntrada,10,SURVIVED,none
Util.java,ClassMath.Util,org.pitest.mutationtest.engine.gregor.mutators.ConditionalsBoundaryMutator,generaEntrada,12,KILLED,TestMath.TestEcus.test(TestMath.TestEcus)
Util.java,ClassMath.Util,org.pitest.mutationtest.engine.gregor.mutators.ConditionalsBoundaryMutator,generaEntrada,19,KILLED,TestMath.TestEcus.test(TestMath.TestEcus)
Util.java,ClassMath.Util,org.pitest.mutationtest.engine.gregor.mutators.IncrementsMutator,generaEntrada,12,KILLED,TestMath.TestEcus.test(TestMath.TestEcus)
Util.java,ClassMath.Util,org.pitest.mutationtest.engine.gregor.mutators.IncrementsMutator,generaEntrada,19,KILLED,TestMath.TestEcus.test(TestMath.TestEcus)
Util.java,ClassMath.Util,org.pitest.mutationtest.engine.gregor.mutators.NegateConditionalsMutator,generaEntrada,10,KILLED,TestMath.TestEcus.test(TestMath.TestEcus)
Util.java,ClassMath.Util,org.pitest.mutationtest.engine.gregor.mutators.NegateConditionalsMutator,generaEntrada,12,SURVIVED,none
Util.java,ClassMath.Util,org.pitest.mutationtest.engine.gregor.mutators.NegateConditionalsMutator,generaEntrada,19,SURVIVED,none
Util.java,ClassMath.Util,org.pitest.mutationtest.engine.gregor.mutators.ReturnValsMutator,generaEntrada,15,KILLED,TestMath.TestEcus.test(TestMath.TestEcus)
Util.java,ClassMath.Util,org.pitest.mutationtest.engine.gregor.mutators.ReturnValsMutator,generaEntrada,22,KILLED,TestMath.TestEcus.test(TestMath.TestEcus)
Util.java,ClassMath.Util,org.pitest.mutationtest.engine.gregor.mutators.ConditionalsBoundaryMutator,generaEntrada_determinista,31,SURVIVED,none
Util.java,ClassMath.Util,org.pitest.mutationtest.engine.gregor.mutators.ConditionalsBoundaryMutator,generaEntrada_determinista,33,KILLED,TestMath_exhaustivo_determinista.test_Control_exhaustivo2.test(TestMath_exhaustivo_determinista.test_Control_exhaustivo2)
Util.java,ClassMath.Util,org.pitest.mutationtest.engine.gregor.mutators.ConditionalsBoundaryMutator,generaEntrada_determinista,40,KILLED,TestMath_exhaustivo_determinista.TestEcus_exhaustivo2.test(TestMath_exhaustivo_determinista.TestEcus_exhaustivo2)
Util.java,ClassMath.Util,org.pitest.mutationtest.engine.gregor.mutators.IncrementsMutator,generaEntrada_determinista,33,KILLED,TestMath_exhaustivo_determinista.test_Control_exhaustivo2.test(TestMath_exhaustivo_determinista.test_Control_exhaustivo2)
Util.java,ClassMath.Util,org.pitest.mutationtest.engine.gregor.mutators.IncrementsMutator,generaEntrada_determinista,40,KILLED,TestMath_exhaustivo_determinista.TestEcus_exhaustivo2.test(TestMath_exhaustivo_determinista.TestEcus_exhaustivo2)
Util.java,ClassMath.Util,org.pitest.mutationtest.engine.gregor.mutators.NegateConditionalsMutator,generaEntrada_determinista,31,KILLED,TestMath_exhaustivo_determinista.TestEcus_exhaustivo2.test(TestMath_exhaustivo_determinista.TestEcus_exhaustivo2)
Util.java,ClassMath.Util,org.pitest.mutationtest.engine.gregor.mutators.NegateConditionalsMutator,generaEntrada_determinista,33,SURVIVED,none
Util.java,ClassMath.Util,org.pitest.mutationtest.engine.gregor.mutators.NegateConditionalsMutator,generaEntrada_determinista,40,SURVIVED,none
Util.java,ClassMath.Util,org.pitest.mutationtest.engine.gregor.mutators.ReturnValsMutator,generaEntrada_determinista,36,KILLED,TestMath_exhaustivo_determinista.test_vista_exhauxtivo2.test(TestMath_exhaustivo_determinista.test_vista_exhauxtivo2)
Util.java,ClassMath.Util,org.pitest.mutationtest.engine.gregor.mutators.ReturnValsMutator,generaEntrada_determinista,43,KILLED,TestMath_exhaustivo_determinista.TestEcus_exhaustivo2.test(TestMath_exhaustivo_determinista.TestEcus_exhaustivo2)
Util.java,ClassMath.Util,org.pitest.mutationtest.engine.gregor.mutators.MathMutator,getRandomArbitrary,6,SURVIVED,none
Util.java,ClassMath.Util,org.pitest.mutationtest.engine.gregor.mutators.MathMutator,getRandomArbitrary,6,SURVIVED,none
Util.java,ClassMath.Util,org.pitest.mutationtest.engine.gregor.mutators.MathMutator,getRandomArbitrary,6,SURVIVED,none
Util.java,ClassMath.Util,org.pitest.mutationtest.engine.gregor.mutators.ReturnValsMutator,getRandomArbitrary,6,KILLED,TestMath.TestEcus.test(TestMath.TestEcus)
ControlMath.java,ClassMath.ControlMath,org.pitest.mutationtest.engine.gregor.mutators.ConditionalsBoundaryMutator,<init>,22,KILLED,TestMath.TestVista.test(TestMath.TestVista)
ControlMath.java,ClassMath.ControlMath,org.pitest.mutationtest.engine.gregor.mutators.ConditionalsBoundaryMutator,<init>,22,SURVIVED,none
ControlMath.java,ClassMath.ControlMath,org.pitest.mutationtest.engine.gregor.mutators.IncrementsMutator,<init>,24,KILLED,TestMath.TestVista.test(TestMath.TestVista)
ControlMath.java,ClassMath.ControlMath,org.pitest.mutationtest.engine.gregor.mutators.NegateConditionalsMutator,<init>,12,KILLED,TestMath_exhaustivo_determinista.test_Control_exhaustivo2.test(TestMath_exhaustivo_determinista.test_Control_exhaustivo2)
ControlMath.java,ClassMath.ControlMath,org.pitest.mutationtest.engine.gregor.mutators.NegateConditionalsMutator,<init>,14,KILLED,TestMath_exhaustivo_determinista.test_Control_exhaustivo2.test(TestMath_exhaustivo_determinista.test_Control_exhaustivo2)
ControlMath.java,ClassMath.ControlMath,org.pitest.mutationtest.engine.gregor.mutators.NegateConditionalsMutator,<init>,16,KILLED,TestMath_exhaustivo_determinista.test_Control_exhaustivo2.test(TestMath_exhaustivo_determinista.test_Control_exhaustivo2)
ControlMath.java,ClassMath.ControlMath,org.pitest.mutationtest.engine.gregor.mutators.NegateConditionalsMutator,<init>,18,KILLED,TestMath_exhaustivo_determinista.test_Control_exhaustivo2.test(TestMath_exhaustivo_determinista.test_Control_exhaustivo2)
ControlMath.java,ClassMath.ControlMath,org.pitest.mutationtest.engine.gregor.mutators.NegateConditionalsMutator,<init>,18,KILLED,TestMath_exhaustivo_determinista.test_Control_exhaustivo2.test(TestMath_exhaustivo_determinista.test_Control_exhaustivo2)
ControlMath.java,ClassMath.ControlMath,org.pitest.mutationtest.engine.gregor.mutators.NegateConditionalsMutator,<init>,18,KILLED,TestMath_exhaustivo_determinista.test_Control_exhaustivo2.test(TestMath_exhaustivo_determinista.test_Control_exhaustivo2)
ControlMath.java,ClassMath.ControlMath,org.pitest.mutationtest.engine.gregor.mutators.NegateConditionalsMutator,<init>,22,SURVIVED,none
ControlMath.java,ClassMath.ControlMath,org.pitest.mutationtest.engine.gregor.mutators.NegateConditionalsMutator,<init>,22,SURVIVED,none
ControlMath.java,ClassMath.ControlMath,org.pitest.mutationtest.engine.gregor.mutators.NegateConditionalsMutator,select,37,KILLED,TestMath_exhaustivo_determinista.test_Control_exhaustivo2.test(TestMath_exhaustivo_determinista.test_Control_exhaustivo2)
ControlMath.java,ClassMath.ControlMath,org.pitest.mutationtest.engine.gregor.mutators.ReturnValsMutator,select,40,SURVIVED,none
ControlMath.java,ClassMath.ControlMath,org.pitest.mutationtest.engine.gregor.mutators.ReturnValsMutator,select,42,SURVIVED,none
ControlMath.java,ClassMath.ControlMath,org.pitest.mutationtest.engine.gregor.mutators.ReturnValsMutator,select,44,SURVIVED,none
ControlMath.java,ClassMath.ControlMath,org.pitest.mutationtest.engine.gregor.mutators.ReturnValsMutator,select,46,SURVIVED,none
ControlMath.java,ClassMath.ControlMath,org.pitest.mutationtest.engine.gregor.mutators.ReturnValsMutator,select,48,SURVIVED,none
ControlMath.java,ClassMath.ControlMath,org.pitest.mutationtest.engine.gregor.mutators.ReturnValsMutator,select,50,SURVIVED,none
ControlMath.java,ClassMath.ControlMath,org.pitest.mutationtest.engine.gregor.mutators.ReturnValsMutator,select,52,SURVIVED,none
ControlMath.java,ClassMath.ControlMath,org.pitest.mutationtest.engine.gregor.mutators.ReturnValsMutator,select,55,SURVIVED,none
ControlMath.java,ClassMath.ControlMath,org.pitest.mutationtest.engine.gregor.mutators.ReturnValsMutator,select,58,SURVIVED,none
